user01,9c0cd267dbfeb0398b092621673f6d18f58bb516ebdcda6fb0fa6ed800a9b78a
user02,d964c8f54d0c7a36daa3a7cec2edc0c736eb7fd98975253f1d204d6c92d00d01
user03,66bd0b9782d41920e012e70fee8927817c9f3ac179eca74b5e2d019020ad1fa7
user04,5ea6381d5ab6bda3782edd3148c0cf745662e4fc5a99e7d9d77e72e579301e63
user05,174869aefa5f620b92e51a850be0a12b9ec0e8cdd8221791f6c9a686ee97a5cf
user06,89c1d77cf677228ce33e50cadcc9024b039ef4b79f5e3344f2bedf4bfd65e50b
user07,285196aa0aff6cc486b3afc2fe69006b08b77ca44b55dd4c6c4cfd9357e4060c
user08,35c4e72dd4ab2d67cedfac7a548dad40414c0b385893e30c7dcabc185ccc5ec9
user09,579c800dc4c24cf6b1725029ae1f023790982f8fbede775d648b0f48bf6998dc
user10,c2c94e7a3e39c2095ed6c8e14fbdd4e0b0f80e3ccdc6e8519aa93ee2020a0683
